valid_time,latitude,longitude,ro,tp,number,expver,distance
2025-11-01 00:00:00,44.499999999999964,8.89999999999999,0.00017815828,0.00018006563,0,1,0.0999999999999659
2025-11-01 01:00:00,44.499999999999964,8.89999999999999,7.698312e-06,1.8972903e-05,0,1,0.0999999999999659
2025-11-01 02:00:00,44.499999999999964,8.89999999999999,1.5351921e-05,3.542751e-05,0,1,0.0999999999999659
2025-11-01 03:00:00,44.499999999999964,8.89999999999999,2.297759e-05,5.048141e-05,0,1,0.0999999999999659
2025-11-01 04:00:00,44.499999999999964,8.89999999999999,3.075227e-05,7.317215e-05,0,1,0.0999999999999659
2025-11-01 05:00:00,44.499999999999964,8.89999999999999,3.901869e-05,0.00012206286,0,1,0.0999999999999659
2025-11-01 06:00:00,44.499999999999964,8.89999999999999,4.7430396e-05,0.00017575175,0,1,0.0999999999999659
2025-11-01 07:00:00,44.499999999999964,8.89999999999999,5.634874e-05,0.00026016682,0,1,0.0999999999999659
2025-11-01 08:00:00,44.499999999999964,8.89999999999999,6.894022e-05,0.0004587099,0,1,0.0999999999999659
2025-11-01 09:00:00,44.499999999999964,8.89999999999999,8.236617e-05,0.0006606728,0,1,0.0999999999999659
2025-11-01 10:00:00,44.499999999999964,8.89999999999999,0.00010228902,0.0010602102,0,1,0.0999999999999659
2025-11-01 11:00:00,44.499999999999964,8.89999999999999,0.00011853129,0.0013353601,0,1,0.0999999999999659
2025-11-01 12:00:00,44.499999999999964,8.89999999999999,0.0001314953,0.0015257299,0,1,0.0999999999999659
2025-11-01 13:00:00,44.499999999999964,8.89999999999999,0.00014734268,0.0018167496,0,1,0.0999999999999659
2025-11-01 14:00:00,44.499999999999964,8.89999999999999,0.00016070902,0.0020180792,0,1,0.0999999999999659
2025-11-01 15:00:00,44.499999999999964,8.89999999999999,0.00017376244,0.0021965802,0,1,0.0999999999999659
2025-11-01 16:00:00,44.499999999999964,8.89999999999999,0.00018276274,0.0022536814,0,1,0.0999999999999659
2025-11-01 17:00:00,44.499999999999964,8.89999999999999,0.00019137561,0.002301842,0,1,0.0999999999999659
2025-11-01 18:00:00,44.499999999999964,8.89999999999999,0.00020876527,0.0025058836,0,1,0.0999999999999659
2025-11-01 19:00:00,44.499999999999964,8.89999999999999,0.00022768974,0.002684757,0,1,0.0999999999999659
2025-11-01 20:00:00,44.499999999999964,8.89999999999999,0.00025629997,0.0030624568,0,1,0.0999999999999659
2025-11-01 21:00:00,44.499999999999964,8.89999999999999,0.00029087067,0.0035597265,0,1,0.0999999999999659
2025-11-01 22:00:00,44.499999999999964,8.89999999999999,0.00032806396,0.00411846,0,1,0.0999999999999659
2025-11-01 23:00:00,44.499999999999964,8.89999999999999,0.00035855174,0.004551637,0,1,0.0999999999999659
2025-11-02 00:00:00,44.499999999999964,8.89999999999999,0.00039574504,0.0050997613,0,1,0.0999999999999659
2025-11-02 01:00:00,44.499999999999964,8.89999999999999,3.489852e-05,0.00050534867,0,1,0.0999999999999659
2025-11-02 02:00:00,44.499999999999964,8.89999999999999,7.694587e-05,0.0011567883,0,1,0.0999999999999659
2025-11-02 03:00:00,44.499999999999964,8.89999999999999,0.00012456998,0.0018745027,0,1,0.0999999999999659
2025-11-02 04:00:00,44.499999999999964,8.89999999999999,0.00019824505,0.0027995892,0,1,0.0999999999999659
2025-11-02 05:00:00,44.499999999999964,8.89999999999999,0.0002501607,0.0035716146,0,1,0.0999999999999659
2025-11-02 06:00:00,44.499999999999964,8.89999999999999,0.00031471997,0.0042218044,0,1,0.0999999999999659
2025-11-02 07:00:00,44.499999999999964,8.89999999999999,0.00034398586,0.0045860335,0,1,0.0999999999999659
2025-11-02 08:00:00,44.499999999999964,8.89999999999999,0.0003745705,0.004987605,0,1,0.0999999999999659
2025-11-02 09:00:00,44.499999999999964,8.89999999999999,0.00039868802,0.0053192703,0,1,0.0999999999999659
2025-11-02 10:00:00,44.499999999999964,8.89999999999999,0.0004361868,0.005846369,0,1,0.0999999999999659
2025-11-02 11:00:00,44.499999999999964,8.89999999999999,0.00064715,0.0069609387,0,1,0.0999999999999659
2025-11-02 12:00:00,44.499999999999964,8.89999999999999,0.00084377825,0.008539337,0,1,0.0999999999999659
2025-11-02 13:00:00,44.499999999999964,8.89999999999999,0.000983715,0.009577247,0,1,0.0999999999999659
2025-11-02 14:00:00,44.499999999999964,8.89999999999999,0.0010613948,0.010545137,0,1,0.0999999999999659
2025-11-02 15:00:00,44.499999999999964,8.89999999999999,0.0015247613,0.011980834,0,1,0.0999999999999659
2025-11-02 16:00:00,44.499999999999964,8.89999999999999,0.0050634295,0.016926516,0,1,0.0999999999999659
2025-11-02 17:00:00,44.499999999999964,8.89999999999999,0.007265657,0.021148,0,1,0.0999999999999659
2025-11-02 18:00:00,44.499999999999964,8.89999999999999,0.0073963404,0.02223568,0,1,0.0999999999999659
2025-11-02 19:00:00,44.499999999999964,8.89999999999999,0.007404566,0.022250045,0,1,0.0999999999999659
2025-11-02 20:00:00,44.499999999999964,8.89999999999999,0.007412344,0.022254068,0,1,0.0999999999999659
2025-11-02 21:00:00,44.499999999999964,8.89999999999999,0.0074198544,0.022254247,0,1,0.0999999999999659
2025-11-02 22:00:00,44.499999999999964,8.89999999999999,0.0074273944,0.022254247,0,1,0.0999999999999659
2025-11-02 23:00:00,44.499999999999964,8.89999999999999,0.0074349344,0.022254247,0,1,0.0999999999999659
2025-11-03 00:00:00,44.499999999999964,8.89999999999999,0.0074424744,0.022254247,0,1,0.0999999999999659
2025-11-03 01:00:00,44.499999999999964,8.89999999999999,7.5623393e-06,0.0,0,1,0.0999999999999659
2025-11-03 02:00:00,44.499999999999964,8.89999999999999,1.5132129e-05,0.0,0,1,0.0999999999999659
2025-11-03 03:00:00,44.499999999999964,8.89999999999999,2.271682e-05,0.0,0,1,0.0999999999999659
2025-11-03 04:00:00,44.499999999999964,8.89999999999999,3.0308962e-05,0.0,0,1,0.0999999999999659
2025-11-03 05:00:00,44.499999999999964,8.89999999999999,3.7938356e-05,4.3213367e-07,0,1,0.0999999999999659
2025-11-03 06:00:00,44.499999999999964,8.89999999999999,4.5657158e-05,3.1888485e-06,0,1,0.0999999999999659
2025-11-03 07:00:00,44.499999999999964,8.89999999999999,5.3286552e-05,3.1888485e-06,0,1,0.0999999999999659
2025-11-03 08:00:00,44.499999999999964,8.89999999999999,6.0915947e-05,3.1888485e-06,0,1,0.0999999999999659
2025-11-03 09:00:00,44.499999999999964,8.89999999999999,6.856769e-05,3.1888485e-06,0,1,0.0999999999999659
2025-11-03 10:00:00,44.499999999999964,8.89999999999999,7.622689e-05,3.1888485e-06,0,1,0.0999999999999659
2025-11-03 11:00:00,44.499999999999964,8.89999999999999,8.390099e-05,3.1888485e-06,0,1,0.0999999999999659
2025-11-03 12:00:00,44.499999999999964,8.89999999999999,9.158254e-05,3.1888485e-06,0,1,0.0999999999999659
2025-11-03 13:00:00,44.499999999999964,8.89999999999999,9.9271536e-05,3.1888485e-06,0,1,0.0999999999999659
2025-11-03 14:00:00,44.499999999999964,8.89999999999999,0.000106960535,3.1888485e-06,0,1,0.0999999999999659
2025-11-03 15:00:00,44.499999999999964,8.89999999999999,0.000114664435,3.1888485e-06,0,1,0.0999999999999659
2025-11-03 16:00:00,44.499999999999964,8.89999999999999,0.00012239814,3.1888485e-06,0,1,0.0999999999999659
2025-11-03 17:00:00,44.499999999999964,8.89999999999999,0.00013011694,3.1888485e-06,0,1,0.0999999999999659
2025-11-03 18:00:00,44.499999999999964,8.89999999999999,0.00013785064,3.1888485e-06,0,1,0.0999999999999659
2025-11-03 19:00:00,44.499999999999964,8.89999999999999,0.00014559925,3.1888485e-06,0,1,0.0999999999999659
2025-11-03 20:00:00,44.499999999999964,8.89999999999999,0.00015336275,3.1888485e-06,0,1,0.0999999999999659
2025-11-03 21:00:00,44.499999999999964,8.89999999999999,0.00016114116,3.1888485e-06,0,1,0.0999999999999659
2025-11-03 22:00:00,44.499999999999964,8.89999999999999,0.00016891956,3.1888485e-06,0,1,0.0999999999999659
2025-11-03 23:00:00,44.499999999999964,8.89999999999999,0.00017671287,3.1888485e-06,0,1,0.0999999999999659
2025-11-04 00:00:00,44.499999999999964,8.89999999999999,0.00018452108,3.1888485e-06,0,1,0.0999999999999659
2025-11-04 01:00:00,44.499999999999964,8.89999999999999,7.817522e-06,0.0,0,1,0.0999999999999659
2025-11-04 02:00:00,44.499999999999964,8.89999999999999,1.564622e-05,0.0,0,1,0.0999999999999659
2025-11-04 03:00:00,44.499999999999964,8.89999999999999,2.348423e-05,0.0,0,1,0.0999999999999659
2025-11-04 04:00:00,44.499999999999964,8.89999999999999,3.1337142e-05,0.0,0,1,0.0999999999999659
2025-11-04 05:00:00,44.499999999999964,8.89999999999999,3.9197505e-05,0.0,0,1,0.0999999999999659
2025-11-04 06:00:00,44.499999999999964,8.89999999999999,4.707277e-05,0.0,0,1,0.0999999999999659
2025-11-04 07:00:00,44.499999999999964,8.89999999999999,5.4955482e-05,0.0,0,1,0.0999999999999659
2025-11-04 08:00:00,44.499999999999964,8.89999999999999,6.28531e-05,0.0,0,1,0.0999999999999659
2025-11-04 09:00:00,44.499999999999964,8.89999999999999,7.0758164e-05,0.0,0,1,0.0999999999999659
2025-11-04 10:00:00,44.499999999999964,8.89999999999999,7.867813e-05,0.0,0,1,0.0999999999999659
2025-11-04 11:00:00,44.499999999999964,8.89999999999999,8.660555e-05,0.0,0,1,0.0999999999999659
2025-11-04 12:00:00,44.499999999999964,8.89999999999999,9.454787e-05,0.0,0,1,0.0999999999999659
2025-11-04 13:00:00,44.499999999999964,8.89999999999999,0.00010249019,0.0,0,1,0.0999999999999659
2025-11-04 14:00:00,44.499999999999964,8.89999999999999,0.000110432506,0.0,0,1,0.0999999999999659
2025-11-04 15:00:00,44.499999999999964,8.89999999999999,0.00011840463,0.0,0,1,0.0999999999999659
2025-11-04 16:00:00,44.499999999999964,8.89999999999999,0.00012637675,0.0,0,1,0.0999999999999659
2025-11-04 17:00:00,44.499999999999964,8.89999999999999,0.00013436377,0.0,0,1,0.0999999999999659
2025-11-04 18:00:00,44.499999999999964,8.89999999999999,0.0001423657,0.0,0,1,0.0999999999999659
2025-11-04 19:00:00,44.499999999999964,8.89999999999999,0.00015036762,0.0,0,1,0.0999999999999659
2025-11-04 20:00:00,44.499999999999964,8.89999999999999,0.00015838444,0.0,0,1,0.0999999999999659
2025-11-04 21:00:00,44.499999999999964,8.89999999999999,0.00016641617,0.0,0,1,0.0999999999999659
2025-11-04 22:00:00,44.499999999999964,8.89999999999999,0.0001744479,0.0,0,1,0.0999999999999659
2025-11-04 23:00:00,44.499999999999964,8.89999999999999,0.00018250942,8.523463e-07,0,1,0.0999999999999659
2025-11-05 00:00:00,44.499999999999964,8.89999999999999,0.00019058585,8.523464e-07,0,1,0.0999999999999659
2025-11-05 01:00:00,44.499999999999964,8.89999999999999,8.068979e-06,0.0,0,1,0.0999999999999659
2025-11-05 02:00:00,44.499999999999964,8.89999999999999,1.6149133e-05,0.0,0,1,0.0999999999999659
2025-11-05 03:00:00,44.499999999999964,8.89999999999999,2.4240464e-05,0.0,0,1,0.0999999999999659
2025-11-05 04:00:00,44.499999999999964,8.89999999999999,3.234297e-05,0.0,0,1,0.0999999999999659
2025-11-05 05:00:00,44.499999999999964,8.89999999999999,4.0449202e-05,0.0,0,1,0.0999999999999659
2025-11-05 06:00:00,44.499999999999964,8.89999999999999,4.8577785e-05,0.0,0,1,0.0999999999999659
2025-11-05 07:00:00,44.499999999999964,8.89999999999999,5.673617e-05,8.5830686e-07,0,1,0.0999999999999659
2025-11-05 08:00:00,44.499999999999964,8.89999999999999,6.4879656e-05,8.5830686e-07,0,1,0.0999999999999659
2025-11-05 09:00:00,44.499999999999964,8.89999999999999,7.303059e-05,8.5830686e-07,0,1,0.0999999999999659
2025-11-05 10:00:00,44.499999999999964,8.89999999999999,8.119643e-05,8.5830686e-07,0,1,0.0999999999999659
2025-11-05 11:00:00,44.499999999999964,8.89999999999999,8.9362264e-05,8.5830686e-07,0,1,0.0999999999999659
2025-11-05 12:00:00,44.499999999999964,8.89999999999999,9.75579e-05,8.5830686e-07,0,1,0.0999999999999659
2025-11-05 13:00:00,44.499999999999964,8.89999999999999,0.00010573864,8.5830686e-07,0,1,0.0999999999999659
2025-11-05 14:00:00,44.499999999999964,8.89999999999999,0.00011393428,8.5830686e-07,0,1,0.0999999999999659
2025-11-05 15:00:00,44.499999999999964,8.89999999999999,0.00012214482,8.5830686e-07,0,1,0.0999999999999659
2025-11-05 16:00:00,44.499999999999964,8.89999999999999,0.00013035536,8.5830686e-07,0,1,0.0999999999999659
2025-11-05 17:00:00,44.499999999999964,8.89999999999999,0.0001385808,8.5830686e-07,0,1,0.0999999999999659
2025-11-05 18:00:00,44.499999999999964,8.89999999999999,0.00014680624,8.5830686e-07,0,1,0.0999999999999659
2025-11-05 19:00:00,44.499999999999964,8.89999999999999,0.00015506148,8.5830686e-07,0,1,0.0999999999999659
2025-11-05 20:00:00,44.499999999999964,8.89999999999999,0.00016331673,8.5830686e-07,0,1,0.0999999999999659
2025-11-05 21:00:00,44.499999999999964,8.89999999999999,0.00017160177,8.5830686e-07,0,1,0.0999999999999659
2025-11-05 22:00:00,44.499999999999964,8.89999999999999,0.00017988682,8.5830686e-07,0,1,0.0999999999999659
2025-11-05 23:00:00,44.499999999999964,8.89999999999999,0.00018817186,8.5830686e-07,0,1,0.0999999999999659
2025-11-06 00:00:00,44.499999999999964,8.89999999999999,0.00019645691,8.5830686e-07,0,1,0.0999999999999659
2025-11-06 01:00:00,44.499999999999964,8.89999999999999,8.305535e-06,0.0,0,1,0.0999999999999659
2025-11-06 02:00:00,44.499999999999964,8.89999999999999,1.6620383e-05,0.0,0,1,0.0999999999999659
2025-11-06 03:00:00,44.499999999999964,8.89999999999999,2.4944544e-05,0.0,0,1,0.0999999999999659
2025-11-06 04:00:00,44.499999999999964,8.89999999999999,3.3281744e-05,0.0,0,1,0.0999999999999659
2025-11-06 05:00:00,44.499999999999964,8.89999999999999,4.162267e-05,0.0,0,1,0.0999999999999659
2025-11-06 06:00:00,44.499999999999964,8.89999999999999,4.9978495e-05,0.0,0,1,0.0999999999999659
2025-11-06 07:00:00,44.499999999999964,8.89999999999999,5.834177e-05,0.0,0,1,0.0999999999999659
2025-11-06 08:00:00,44.499999999999964,8.89999999999999,6.67274e-05,4.2766322e-07,0,1,0.0999999999999659
2025-11-06 09:00:00,44.499999999999964,8.89999999999999,7.51093e-05,4.2766322e-07,0,1,0.0999999999999659
2025-11-06 10:00:00,44.499999999999964,8.89999999999999,8.349866e-05,4.2766322e-07,0,1,0.0999999999999659
2025-11-06 11:00:00,44.499999999999964,8.89999999999999,9.190291e-05,4.2766322e-07,0,1,0.0999999999999659
2025-11-06 12:00:00,44.499999999999964,8.89999999999999,0.00010031462,4.351138e-07,0,1,0.0999999999999659
2025-11-06 13:00:00,44.499999999999964,8.89999999999999,0.00010873377,4.351138e-07,0,1,0.0999999999999659
2025-11-06 14:00:00,44.499999999999964,8.89999999999999,0.00011715293,4.351138e-07,0,1,0.0999999999999659
2025-11-06 15:00:00,44.499999999999964,8.89999999999999,0.00012558699,4.351138e-07,0,1,0.0999999999999659
2025-11-06 16:00:00,44.499999999999964,8.89999999999999,0.00013402104,4.351138e-07,0,1,0.0999999999999659
2025-11-06 17:00:00,44.499999999999964,8.89999999999999,0.00014247,4.351138e-07,0,1,0.0999999999999659
2025-11-06 18:00:00,44.499999999999964,8.89999999999999,0.00015093386,4.351138e-07,0,1,0.0999999999999659
2025-11-06 19:00:00,44.499999999999964,8.89999999999999,0.00015939772,4.351138e-07,0,1,0.0999999999999659
2025-11-06 20:00:00,44.499999999999964,8.89999999999999,0.00016787648,4.351138e-07,0,1,0.0999999999999659
2025-11-06 21:00:00,44.499999999999964,8.89999999999999,0.00017637014,4.351138e-07,0,1,0.0999999999999659
2025-11-06 22:00:00,44.499999999999964,8.89999999999999,0.0001848638,4.351138e-07,0,1,0.0999999999999659
2025-11-06 23:00:00,44.499999999999964,8.89999999999999,0.00019337237,4.351138e-07,0,1,0.0999999999999659
2025-11-07 00:00:00,44.499999999999964,8.89999999999999,0.00020188093,4.351138e-07,0,1,0.0999999999999659
2025-11-07 01:00:00,44.499999999999964,8.89999999999999,8.529052e-06,3.6507845e-07,0,1,0.0999999999999659
2025-11-07 02:00:00,44.499999999999964,8.89999999999999,1.7672777e-05,2.578646e-05,0,1,0.0999999999999659
2025-11-07 03:00:00,44.499999999999964,8.89999999999999,2.675131e-05,4.4178218e-05,0,1,0.0999999999999659
2025-11-07 04:00:00,44.499999999999964,8.89999999999999,4.670024e-05,0.0004120171,0,1,0.0999999999999659
2025-11-07 05:00:00,44.499999999999964,8.89999999999999,6.645918e-05,0.0006330162,0,1,0.0999999999999659
2025-11-07 06:00:00,44.499999999999964,8.89999999999999,7.5764954e-05,0.00065711886,0,1,0.0999999999999659
2025-11-07 07:00:00,44.499999999999964,8.89999999999999,8.529425e-05,0.00069624186,0,1,0.0999999999999659
2025-11-07 08:00:00,44.499999999999964,8.89999999999999,9.418279e-05,0.00070767105,0,1,0.0999999999999659
2025-11-07 09:00:00,44.499999999999964,8.89999999999999,0.00010294467,0.0007150695,0,1,0.0999999999999659
2025-11-07 10:00:00,44.499999999999964,8.89999999999999,0.000111714005,0.00072205067,0,1,0.0999999999999659
2025-11-07 11:00:00,44.499999999999964,8.89999999999999,0.00012049079,0.0007289797,0,1,0.0999999999999659
2025-11-07 12:00:00,44.499999999999964,8.89999999999999,0.00012923032,0.0007337257,0,1,0.0999999999999659
2025-11-07 13:00:00,44.499999999999964,8.89999999999999,0.0001379028,0.0007354319,0,1,0.0999999999999659
2025-11-07 14:00:00,44.499999999999964,8.89999999999999,0.00014653802,0.0007359609,0,1,0.0999999999999659
2025-11-07 15:00:00,44.499999999999964,8.89999999999999,0.00015518069,0.0007359609,0,1,0.0999999999999659
2025-11-07 16:00:00,44.499999999999964,8.89999999999999,0.00017115474,0.0009918734,0,1,0.0999999999999659
2025-11-07 17:00:00,44.499999999999964,8.89999999999999,0.00017981231,0.0009918734,0,1,0.0999999999999659
2025-11-07 18:00:00,44.499999999999964,8.89999999999999,0.00018846989,0.0009918734,0,1,0.0999999999999659
2025-11-07 19:00:00,44.499999999999964,8.89999999999999,0.00019715726,0.0009918734,0,1,0.0999999999999659
2025-11-07 20:00:00,44.499999999999964,8.89999999999999,0.00020584464,0.000991866,0,1,0.0999999999999659
2025-11-07 21:00:00,44.499999999999964,8.89999999999999,0.00021453202,0.000991866,0,1,0.0999999999999659
2025-11-07 22:00:00,44.499999999999964,8.89999999999999,0.0002232343,0.000991866,0,1,0.0999999999999659
2025-11-07 23:00:00,44.499999999999964,8.89999999999999,0.00023195148,0.000991866,0,1,0.0999999999999659
2025-11-08 00:00:00,44.499999999999964,8.89999999999999,0.00024066865,0.000991866,0,1,0.0999999999999659
2025-11-08 01:00:00,44.499999999999964,8.89999999999999,8.728355e-06,0.0,0,1,0.0999999999999659
2025-11-08 02:00:00,44.499999999999964,8.89999999999999,1.7464161e-05,0.0,0,1,0.0999999999999659
2025-11-08 03:00:00,44.499999999999964,8.89999999999999,2.6211143e-05,0.0,0,1,0.0999999999999659
2025-11-08 04:00:00,44.499999999999964,8.89999999999999,3.4987926e-05,8.5681677e-07,0,1,0.0999999999999659
2025-11-08 05:00:00,44.499999999999964,8.89999999999999,4.374981e-05,8.5681677e-07,0,1,0.0999999999999659
2025-11-08 06:00:00,44.499999999999964,8.89999999999999,5.2519143e-05,8.5681677e-07,0,1,0.0999999999999659
2025-11-08 07:00:00,44.499999999999964,8.89999999999999,6.131828e-05,1.5050173e-06,0,1,0.0999999999999659
2025-11-08 08:00:00,44.499999999999964,8.89999999999999,7.0117414e-05,1.937151e-06,0,1,0.0999999999999659
2025-11-08 09:00:00,44.499999999999964,8.89999999999999,7.89389e-05,2.795458e-06,0,1,0.0999999999999659
2025-11-08 10:00:00,44.499999999999964,8.89999999999999,8.773804e-05,2.795458e-06,0,1,0.0999999999999659
2025-11-08 11:00:00,44.499999999999964,8.89999999999999,9.6574426e-05,3.647804e-06,0,1,0.0999999999999659
2025-11-08 12:00:00,44.499999999999964,8.89999999999999,0.00010538846,3.647804e-06,0,1,0.0999999999999659
2025-11-08 13:00:00,44.499999999999964,8.89999999999999,0.0001142174,3.647804e-06,0,1,0.0999999999999659
2025-11-08 14:00:00,44.499999999999964,8.89999999999999,0.00012303889,3.647804e-06,0,1,0.0999999999999659
2025-11-08 15:00:00,44.499999999999964,8.89999999999999,0.00013187528,3.647804e-06,0,1,0.0999999999999659
2025-11-08 16:00:00,44.499999999999964,8.89999999999999,0.00014072657,3.647804e-06,0,1,0.0999999999999659
2025-11-08 17:00:00,44.499999999999964,8.89999999999999,0.00014957786,3.647804e-06,0,1,0.0999999999999659
2025-11-08 18:00:00,44.499999999999964,8.89999999999999,0.00015842915,3.647804e-06,0,1,0.0999999999999659
2025-11-08 19:00:00,44.499999999999964,8.89999999999999,0.00016729534,3.647804e-06,0,1,0.0999999999999659
2025-11-08 20:00:00,44.499999999999964,8.89999999999999,0.00017617643,3.647804e-06,0,1,0.0999999999999659
2025-11-08 21:00:00,44.499999999999964,8.89999999999999,0.00018505752,3.647804e-06,0,1,0.0999999999999659
2025-11-08 22:00:00,44.499999999999964,8.89999999999999,0.00019395351,3.647804e-06,0,1,0.0999999999999659
2025-11-08 23:00:00,44.499999999999964,8.89999999999999,0.0002028346,3.647804e-06,0,1,0.0999999999999659
2025-11-09 00:00:00,44.499999999999964,8.89999999999999,0.0002117455,3.647804e-06,0,1,0.0999999999999659
2025-11-09 01:00:00,44.499999999999964,8.89999999999999,8.91462e-06,0.0,0,1,0.0999999999999659
2025-11-09 02:00:00,44.499999999999964,8.89999999999999,1.7840415e-05,0.0,0,1,0.0999999999999659
2025-11-09 03:00:00,44.499999999999964,8.89999999999999,2.6769936e-05,0.0,0,1,0.0999999999999659
2025-11-09 04:00:00,44.499999999999964,8.89999999999999,3.5703182e-05,0.0,0,1,0.0999999999999659
2025-11-09 05:00:00,44.499999999999964,8.89999999999999,4.465878e-05,0.0,0,1,0.0999999999999659
2025-11-09 06:00:00,44.499999999999964,8.89999999999999,5.3614378e-05,0.0,0,1,0.0999999999999659
2025-11-09 07:00:00,44.499999999999964,8.89999999999999,6.258488e-05,5.5134296e-07,0,1,0.0999999999999659
2025-11-09 08:00:00,44.499999999999964,8.89999999999999,7.1555376e-05,5.5134296e-07,0,1,0.0999999999999659
2025-11-09 09:00:00,44.499999999999964,8.89999999999999,8.0525875e-05,5.5134296e-07,0,1,0.0999999999999659
2025-11-09 10:00:00,44.499999999999964,8.89999999999999,8.952618e-05,5.5134296e-07,0,1,0.0999999999999659
2025-11-09 11:00:00,44.499999999999964,8.89999999999999,9.852648e-05,1.4096498e-06,0,1,0.0999999999999659
2025-11-09 12:00:00,44.499999999999964,8.89999999999999,0.00010752678,1.4096498e-06,0,1,0.0999999999999659
2025-11-09 13:00:00,44.499999999999964,8.89999999999999,0.00011652708,1.4096498e-06,0,1,0.0999999999999659
2025-11-09 14:00:00,44.499999999999964,8.89999999999999,0.00012554228,1.4096498e-06,0,1,0.0999999999999659
2025-11-09 15:00:00,44.499999999999964,8.89999999999999,0.00013455749,1.4096498e-06,0,1,0.0999999999999659
2025-11-09 16:00:00,44.499999999999964,8.89999999999999,0.00014357269,1.4096498e-06,0,1,0.0999999999999659
2025-11-09 17:00:00,44.499999999999964,8.89999999999999,0.0001526177,1.4096498e-06,0,1,0.0999999999999659
2025-11-09 18:00:00,44.499999999999964,8.89999999999999,0.0001616478,1.4096498e-06,0,1,0.0999999999999659
2025-11-09 19:00:00,44.499999999999964,8.89999999999999,0.0001706928,1.4126192e-06,0,1,0.0999999999999659
2025-11-09 20:00:00,44.499999999999964,8.89999999999999,0.0001797378,1.4126192e-06,0,1,0.0999999999999659
2025-11-09 21:00:00,44.499999999999964,8.89999999999999,0.00018879771,1.4126192e-06,0,1,0.0999999999999659
2025-11-09 22:00:00,44.499999999999964,8.89999999999999,0.00019787252,1.4126192e-06,0,1,0.0999999999999659
2025-11-09 23:00:00,44.499999999999964,8.89999999999999,0.00020694733,1.4126192e-06,0,1,0.0999999999999659
2025-11-10 00:00:00,44.499999999999964,8.89999999999999,0.00021602213,1.4126192e-06,0,1,0.0999999999999659
2025-11-10 01:00:00,44.499999999999964,8.89999999999999,9.088777e-06,0.0,0,1,0.0999999999999659
2025-11-10 02:00:00,44.499999999999964,8.89999999999999,1.8183142e-05,0.0,0,1,0.0999999999999659
2025-11-10 03:00:00,44.499999999999964,8.89999999999999,2.7287751e-05,0.0,0,1,0.0999999999999659
2025-11-10 04:00:00,44.499999999999964,8.89999999999999,3.6396086e-05,0.0,0,1,0.0999999999999659
2025-11-10 05:00:00,44.499999999999964,8.89999999999999,4.5515597e-05,0.0,0,1,0.0999999999999659
2025-11-10 06:00:00,44.499999999999964,8.89999999999999,5.4642558e-05,0.0,0,1,0.0999999999999659
2025-11-10 07:00:00,44.499999999999964,8.89999999999999,6.376952e-05,0.0,0,1,0.0999999999999659
2025-11-10 08:00:00,44.499999999999964,8.89999999999999,7.291138e-05,0.0,0,1,0.0999999999999659
2025-11-10 09:00:00,44.499999999999964,8.89999999999999,8.2053244e-05,0.0,0,1,0.0999999999999659
2025-11-10 10:00:00,44.499999999999964,8.89999999999999,9.121001e-05,0.0,0,1,0.0999999999999659
2025-11-10 11:00:00,44.499999999999964,8.89999999999999,0.00010035932,0.0,0,1,0.0999999999999659
2025-11-10 12:00:00,44.499999999999964,8.89999999999999,0.000109523535,0.0,0,1,0.0999999999999659
2025-11-10 13:00:00,44.499999999999964,8.89999999999999,0.00011870265,0.0,0,1,0.0999999999999659
2025-11-10 14:00:00,44.499999999999964,8.89999999999999,0.00012786686,0.0,0,1,0.0999999999999659
2025-11-10 15:00:00,44.499999999999964,8.89999999999999,0.00013704598,0.0,0,1,0.0999999999999659
2025-11-10 16:00:00,44.499999999999964,8.89999999999999,0.00014624,0.0,0,1,0.0999999999999659
2025-11-10 17:00:00,44.499999999999964,8.89999999999999,0.00015543401,0.0,0,1,0.0999999999999659
2025-11-10 18:00:00,44.499999999999964,8.89999999999999,0.00016462803,0.0,0,1,0.0999999999999659
2025-11-10 19:00:00,44.499999999999964,8.89999999999999,0.00017383695,0.0,0,1,0.0999999999999659
2025-11-10 20:00:00,44.499999999999964,8.89999999999999,0.00018304586,0.0,0,1,0.0999999999999659
2025-11-10 21:00:00,44.499999999999964,8.89999999999999,0.00019226968,3.7252903e-07,0,1,0.0999999999999659
2025-11-10 22:00:00,44.499999999999964,8.89999999999999,0.0002014935,3.7252903e-07,0,1,0.0999999999999659
2025-11-10 23:00:00,44.499999999999964,8.89999999999999,0.00021074712,1.2278556e-06,0,1,0.0999999999999659
2025-11-11 00:00:00,44.499999999999964,8.89999999999999,0.00021998584,1.2278556e-06,0,1,0.0999999999999659
2025-11-11 01:00:00,44.499999999999964,8.89999999999999,9.2517585e-06,4.7311187e-07,0,1,0.0999999999999659
2025-11-11 02:00:00,44.499999999999964,8.89999999999999,1.854077e-05,1.963228e-06,0,1,0.0999999999999659
2025-11-11 03:00:00,44.499999999999964,8.89999999999999,2.7831644e-05,3.4570694e-06,0,1,0.0999999999999659
2025-11-11 04:00:00,44.499999999999964,8.89999999999999,3.7133694e-05,5.058944e-06,0,1,0.0999999999999659
2025-11-11 05:00:00,44.499999999999964,8.89999999999999,4.643947e-05,6.5490603e-06,0,1,0.0999999999999659
2025-11-11 06:00:00,44.499999999999964,8.89999999999999,5.5752695e-05,7.8082085e-06,0,1,0.0999999999999659
2025-11-11 07:00:00,44.499999999999964,8.89999999999999,6.5140426e-05,1.2437999e-05,0,1,0.0999999999999659
2025-11-11 08:00:00,44.499999999999964,8.89999999999999,7.455796e-05,1.7879904e-05,0,1,0.0999999999999659
2025-11-11 09:00:00,44.499999999999964,8.89999999999999,8.3982944e-05,2.4223327e-05,0,1,0.0999999999999659
2025-11-11 10:00:00,44.499999999999964,8.89999999999999,9.36836e-05,3.7366153e-05,0,1,0.0999999999999659
2025-11-11 11:00:00,44.499999999999964,8.89999999999999,0.00010326505,4.670918e-05,0,1,0.0999999999999659
2025-11-11 12:00:00,44.499999999999964,8.89999999999999,0.00011283159,5.569458e-05,0,1,0.0999999999999659
2025-11-11 13:00:00,44.499999999999964,8.89999999999999,0.00012229383,6.211698e-05,0,1,0.0999999999999659
2025-11-11 14:00:00,44.499999999999964,8.89999999999999,0.00013171136,6.61552e-05,0,1,0.0999999999999659
2025-11-11 15:00:00,44.499999999999964,8.89999999999999,0.000141114,7.0104004e-05,0,1,0.0999999999999659
2025-11-11 16:00:00,44.499999999999964,8.89999999999999,0.00015050173,7.2920324e-05,0,1,0.0999999999999659
2025-11-11 17:00:00,44.499999999999964,8.89999999999999,0.00016015768,8.750856e-05,0,1,0.0999999999999659
2025-11-11 18:00:00,44.499999999999964,8.89999999999999,0.00016994774,0.00010959208,0,1,0.0999999999999659
2025-11-11 19:00:00,44.499999999999964,8.89999999999999,0.00018025935,0.00015445947,0,1,0.0999999999999659
2025-11-11 20:00:00,44.499999999999964,8.89999999999999,0.00019043684,0.00019223988,0,1,0.0999999999999659
2025-11-11 21:00:00,44.499999999999964,8.89999999999999,0.00020056963,0.00022839308,0,1,0.0999999999999659
2025-11-11 22:00:00,44.499999999999964,8.89999999999999,0.00021095574,0.00027408003,0,1,0.0999999999999659
2025-11-11 23:00:00,44.499999999999964,8.89999999999999,0.00022082031,0.0002956897,0,1,0.0999999999999659
2025-11-12 00:00:00,44.499999999999964,8.89999999999999,0.00023041666,0.00030659736,0,1,0.0999999999999659
2025-11-12 01:00:00,44.499999999999964,8.89999999999999,9.55537e-06,8.754432e-06,0,1,0.0999999999999659
2025-11-12 02:00:00,44.499999999999964,8.89999999999999,1.904741e-05,1.3358891e-05,0,1,0.0999999999999659
2025-11-12 03:00:00,44.499999999999964,8.89999999999999,2.85469e-05,1.6640872e-05,0,1,0.0999999999999659
2025-11-12 04:00:00,44.499999999999964,8.89999999999999,3.823638e-05,2.7298927e-05,0,1,0.0999999999999659
2025-11-12 05:00:00,44.499999999999964,8.89999999999999,4.81382e-05,4.7318637e-05,0,1,0.0999999999999659
2025-11-12 06:00:00,44.499999999999964,8.89999999999999,5.7920814e-05,6.3590705e-05,0,1,0.0999999999999659
2025-11-12 07:00:00,44.499999999999964,8.89999999999999,6.8210065e-05,9.346008e-05,0,1,0.0999999999999659
2025-11-12 08:00:00,44.499999999999964,8.89999999999999,7.840991e-05,0.00012605637,0,1,0.0999999999999659
2025-11-12 09:00:00,44.499999999999964,8.89999999999999,8.845329e-05,0.00015106052,0,1,0.0999999999999659
2025-11-12 10:00:00,44.499999999999964,8.89999999999999,9.830296e-05,0.00016786158,0,1,0.0999999999999659
2025-11-12 11:00:00,44.499999999999964,8.89999999999999,0.000107973814,0.00017683208,0,1,0.0999999999999659
2025-11-12 12:00:00,44.499999999999964,8.89999999999999,0.000117853284,0.00019098818,0,1,0.0999999999999659
2025-11-12 13:00:00,44.499999999999964,8.89999999999999,0.0001282841,0.0002219677,0,1,0.0999999999999659
2025-11-12 14:00:00,44.499999999999964,8.89999999999999,0.0001385957,0.00025215745,0,1,0.0999999999999659
2025-11-12 15:00:00,44.499999999999964,8.89999999999999,0.00014960766,0.00030824542,0,1,0.0999999999999659
2025-11-12 16:00:00,44.499999999999964,8.89999999999999,0.00015944242,0.00032245516,0,1,0.0999999999999659
2025-11-12 17:00:00,44.499999999999964,8.89999999999999,0.00017118454,0.00040886103,0,1,0.0999999999999659
2025-11-12 18:00:00,44.499999999999964,8.89999999999999,0.000183478,0.00051799713,0,1,0.0999999999999659
2025-11-12 19:00:00,44.499999999999964,8.89999999999999,0.00019848347,0.00073753594,0,1,0.0999999999999659
2025-11-12 20:00:00,44.499999999999964,8.89999999999999,0.00021238625,0.0009024322,0,1,0.0999999999999659
2025-11-12 21:00:00,44.499999999999964,8.89999999999999,0.00023390353,0.0011641562,0,1,0.0999999999999659
2025-11-12 22:00:00,44.499999999999964,8.89999999999999,0.00025568902,0.0014165223,0,1,0.0999999999999659
2025-11-12 23:00:00,44.499999999999964,8.89999999999999,0.00027997792,0.0017005682,0,1,0.0999999999999659
2025-11-13 00:00:00,44.499999999999964,8.89999999999999,0.00030219555,0.0019387335,0,1,0.0999999999999659
2025-11-13 01:00:00,44.499999999999964,8.89999999999999,2.4693087e-05,0.00030407868,0,1,0.0999999999999659
2025-11-13 02:00:00,44.499999999999964,8.89999999999999,4.5724213e-05,0.0005251877,0,1,0.0999999999999659
2025-11-13 03:00:00,44.499999999999964,8.89999999999999,6.48424e-05,0.0006938763,0,1,0.0999999999999659
2025-11-13 04:00:00,44.499999999999964,8.89999999999999,7.9806894e-05,0.0007878244,0,1,0.0999999999999659
2025-11-13 05:00:00,44.499999999999964,8.89999999999999,9.2595816e-05,0.00084741414,0,1,0.0999999999999659
2025-11-13 06:00:00,44.499999999999964,8.89999999999999,0.00010316074,0.0008703843,0,1,0.0999999999999659
2025-11-13 07:00:00,44.499999999999964,8.89999999999999,0.00011333078,0.00089642406,0,1,0.0999999999999659
2025-11-13 08:00:00,44.499999999999964,8.89999999999999,0.00012722611,0.0010100305,0,1,0.0999999999999659
2025-11-13 09:00:00,44.499999999999964,8.89999999999999,0.00013905019,0.0010943338,0,1,0.0999999999999659
2025-11-13 10:00:00,44.499999999999964,8.89999999999999,0.00015037507,0.0011745691,0,1,0.0999999999999659
2025-11-13 11:00:00,44.499999999999964,8.89999999999999,0.00016207993,0.0012582988,0,1,0.0999999999999659
2025-11-13 12:00:00,44.499999999999964,8.89999999999999,0.00017397851,0.0013553202,0,1,0.0999999999999659
2025-11-13 13:00:00,44.499999999999964,8.89999999999999,0.0001866892,0.0014847219,0,1,0.0999999999999659
2025-11-13 14:00:00,44.499999999999964,8.89999999999999,0.00019813329,0.0015606135,0,1,0.0999999999999659
2025-11-13 15:00:00,44.499999999999964,8.89999999999999,0.00021032989,0.0016659349,0,1,0.0999999999999659
2025-11-13 16:00:00,44.499999999999964,8.89999999999999,0.00022219121,0.0017563105,0,1,0.0999999999999659
2025-11-13 17:00:00,44.499999999999964,8.89999999999999,0.00023548305,0.0019001812,0,1,0.0999999999999659
2025-11-13 18:00:00,44.499999999999964,8.89999999999999,0.00024986267,0.0020768642,0,1,0.0999999999999659
2025-11-13 19:00:00,44.499999999999964,8.89999999999999,0.00026588142,0.0022695065,0,1,0.0999999999999659
2025-11-13 20:00:00,44.499999999999964,8.89999999999999,0.00028048456,0.0023704171,0,1,0.0999999999999659
2025-11-13 21:00:00,44.499999999999964,8.89999999999999,0.0002962649,0.002479583,0,1,0.0999999999999659
2025-11-13 22:00:00,44.499999999999964,8.89999999999999,0.00031332672,0.0026030838,0,1,0.0999999999999659
2025-11-13 23:00:00,44.499999999999964,8.89999999999999,0.00032946467,0.0027132928,0,1,0.0999999999999659
2025-11-14 00:00:00,44.499999999999964,8.89999999999999,0.00034707785,0.0028434396,0,1,0.0999999999999659
2025-11-14 01:00:00,44.499999999999964,8.89999999999999,1.6184524e-05,0.000113903545,0,1,0.0999999999999659
2025-11-14 02:00:00,44.499999999999964,8.89999999999999,3.2655895e-05,0.00023328699,0,1,0.0999999999999659
2025-11-14 03:00:00,44.499999999999964,8.89999999999999,5.13494e-05,0.00038263202,0,1,0.0999999999999659
2025-11-14 04:00:00,44.499999999999964,8.89999999999999,6.858632e-05,0.00050754845,0,1,0.0999999999999659
2025-11-14 05:00:00,44.499999999999964,8.89999999999999,8.6307526e-05,0.00064573437,0,1,0.0999999999999659
2025-11-14 06:00:00,44.499999999999964,8.89999999999999,0.000103637576,0.0007750988,0,1,0.0999999999999659
2025-11-14 07:00:00,44.499999999999964,8.89999999999999,0.000120192766,0.0009240836,0,1,0.0999999999999659
2025-11-14 08:00:00,44.499999999999964,8.89999999999999,0.00013485551,0.0010502518,0,1,0.0999999999999659
2025-11-14 09:00:00,44.499999999999964,8.89999999999999,0.00014987588,0.0011922896,0,1,0.0999999999999659
2025-11-14 10:00:00,44.499999999999964,8.89999999999999,0.00016899407,0.0014087886,0,1,0.0999999999999659
2025-11-14 11:00:00,44.499999999999964,8.89999999999999,0.00019878149,0.0018552005,0,1,0.0999999999999659
2025-11-14 12:00:00,44.499999999999964,8.89999999999999,0.00022242963,0.00217793,0,1,0.0999999999999659
2025-11-14 13:00:00,44.499999999999964,8.89999999999999,0.00024399161,0.0024941773,0,1,0.0999999999999659
2025-11-14 14:00:00,44.499999999999964,8.89999999999999,0.0002680719,0.0028256553,0,1,0.0999999999999659
2025-11-14 15:00:00,44.499999999999964,8.89999999999999,0.0002874434,0.0030257464,0,1,0.0999999999999659
2025-11-14 16:00:00,44.499999999999964,8.89999999999999,0.0003104359,0.003241858,0,1,0.0999999999999659
2025-11-14 17:00:00,44.499999999999964,8.89999999999999,0.00033533573,0.0034672855,0,1,0.0999999999999659
2025-11-14 18:00:00,44.499999999999964,8.89999999999999,0.00035749376,0.003656471,0,1,0.0999999999999659
2025-11-14 19:00:00,44.499999999999964,8.89999999999999,0.00038072467,0.0038723827,0,1,0.0999999999999659
2025-11-14 20:00:00,44.499999999999964,8.89999999999999,0.0004068315,0.0041278275,0,1,0.0999999999999659
2025-11-14 21:00:00,44.499999999999964,8.89999999999999,0.00042827427,0.0043153684,0,1,0.0999999999999659
2025-11-14 22:00:00,44.499999999999964,8.89999999999999,0.0004543513,0.004553515,0,1,0.0999999999999659
2025-11-14 23:00:00,44.499999999999964,8.89999999999999,0.00048288703,0.004833978,0,1,0.0999999999999659
2025-11-15 00:00:00,44.499999999999964,8.89999999999999,0.0005211532,0.0052972403,0,1,0.0999999999999659
2025-11-15 01:00:00,44.499999999999964,8.89999999999999,6.3625164e-05,0.00082513876,0,1,0.0999999999999659
2025-11-15 02:00:00,44.499999999999964,8.89999999999999,0.00016730838,0.0018904768,0,1,0.0999999999999659
2025-11-15 03:00:00,44.499999999999964,8.89999999999999,0.00022909604,0.0026215836,0,1,0.0999999999999659
2025-11-15 04:00:00,44.499999999999964,8.89999999999999,0.00029861182,0.0034084655,0,1,0.0999999999999659
2025-11-15 05:00:00,44.499999999999964,8.89999999999999,0.00060724467,0.0050371736,0,1,0.0999999999999659
2025-11-15 06:00:00,44.499999999999964,8.89999999999999,0.00089443475,0.0069142804,0,1,0.0999999999999659
2025-11-15 07:00:00,44.499999999999964,8.89999999999999,0.00096705556,0.007761389,0,1,0.0999999999999659
2025-11-15 08:00:00,44.499999999999964,8.89999999999999,0.0011364445,0.008538343,0,1,0.0999999999999659
2025-11-15 09:00:00,44.499999999999964,8.89999999999999,0.0012611002,0.009596549,0,1,0.0999999999999659
2025-11-15 10:00:00,44.499999999999964,8.89999999999999,0.0014421642,0.010903247,0,1,0.0999999999999659
2025-11-15 11:00:00,44.499999999999964,8.89999999999999,0.001868695,0.012764126,0,1,0.0999999999999659
2025-11-15 12:00:00,44.499999999999964,8.89999999999999,0.00217174,0.01475817,0,1,0.0999999999999659
2025-11-15 13:00:00,44.499999999999964,8.89999999999999,0.0035820752,0.017533481,0,1,0.0999999999999659
2025-11-15 14:00:00,44.499999999999964,8.89999999999999,0.0037595183,0.019074515,0,1,0.0999999999999659
2025-11-15 15:00:00,44.499999999999964,8.89999999999999,0.0038180798,0.019803315,0,1,0.0999999999999659
2025-11-15 16:00:00,44.499999999999964,8.89999999999999,0.0045716465,0.02154401,0,1,0.0999999999999659
2025-11-15 17:00:00,44.499999999999964,8.89999999999999,0.006282598,0.024470255,0,1,0.0999999999999659
2025-11-15 18:00:00,44.499999999999964,8.89999999999999,0.0063772053,0.025572956,0,1,0.0999999999999659
2025-11-15 19:00:00,44.499999999999964,8.89999999999999,0.006418839,0.026014134,0,1,0.0999999999999659
2025-11-15 20:00:00,44.499999999999964,8.89999999999999,0.006441906,0.026209936,0,1,0.0999999999999659
2025-11-15 21:00:00,44.499999999999964,8.89999999999999,0.006470114,0.02645731,0,1,0.0999999999999659
2025-11-15 22:00:00,44.499999999999964,8.89999999999999,0.00651066,0.02686119,0,1,0.0999999999999659
2025-11-15 23:00:00,44.499999999999964,8.89999999999999,0.006546214,0.02721709,0,1,0.0999999999999659
2025-11-16 00:00:00,44.499999999999964,8.89999999999999,0.006593123,0.02771994,0,1,0.0999999999999659
2025-11-16 01:00:00,44.499999999999964,8.89999999999999,3.8065016e-05,0.00037158653,0,1,0.0999999999999659
2025-11-16 02:00:00,44.499999999999964,8.89999999999999,7.531233e-05,0.0007484481,0,1,0.0999999999999659
2025-11-16 03:00:00,44.499999999999964,8.89999999999999,0.00011897646,0.0012077019,0,1,0.0999999999999659
2025-11-16 04:00:00,44.499999999999964,8.89999999999999,0.00016349554,0.0016594492,0,1,0.0999999999999659
2025-11-16 05:00:00,44.499999999999964,8.89999999999999,0.00022068992,0.0022562072,0,1,0.0999999999999659
2025-11-16 06:00:00,44.499999999999964,8.89999999999999,0.00029037148,0.002976209,0,1,0.0999999999999659
2025-11-16 07:00:00,44.499999999999964,8.89999999999999,0.0009301305,0.00473246,0,1,0.0999999999999659
2025-11-16 08:00:00,44.499999999999964,8.89999999999999,0.002461955,0.0076622767,0,1,0.0999999999999659
2025-11-16 09:00:00,44.499999999999964,8.89999999999999,0.0056990385,0.01259468,0,1,0.0999999999999659
2025-11-16 10:00:00,44.499999999999964,8.89999999999999,0.011302084,0.019849796,0,1,0.0999999999999659
2025-11-16 11:00:00,44.499999999999964,8.89999999999999,0.015743352,0.025872264,0,1,0.0999999999999659
2025-11-16 12:00:00,44.499999999999964,8.89999999999999,0.018374495,0.029995408,0,1,0.0999999999999659
2025-11-16 13:00:00,44.499999999999964,8.89999999999999,0.019502163,0.03249577,0,1,0.0999999999999659
2025-11-16 14:00:00,44.499999999999964,8.89999999999999,0.020640284,0.03496195,0,1,0.0999999999999659
2025-11-16 15:00:00,44.499999999999964,8.89999999999999,0.021303684,0.036879513,0,1,0.0999999999999659
2025-11-16 16:00:00,44.499999999999964,8.89999999999999,0.022125185,0.03891844,0,1,0.0999999999999659
2025-11-16 17:00:00,44.499999999999964,8.89999999999999,0.023045406,0.041010994,0,1,0.0999999999999659
2025-11-16 18:00:00,44.499999999999964,8.89999999999999,0.024064302,0.043159146,0,1,0.0999999999999659
2025-11-16 19:00:00,44.499999999999964,8.89999999999999,0.026120827,0.046265114,0,1,0.0999999999999659
2025-11-16 20:00:00,44.499999999999964,8.89999999999999,0.028599828,0.049708117,0,1,0.0999999999999659
2025-11-16 21:00:00,44.499999999999964,8.89999999999999,0.030657083,0.05260353,0,1,0.0999999999999659
2025-11-16 22:00:00,44.499999999999964,8.89999999999999,0.031039685,0.053793956,0,1,0.0999999999999659
2025-11-16 23:00:00,44.499999999999964,8.89999999999999,0.03217724,0.055749077,0,1,0.0999999999999659
2025-11-17 00:00:00,44.499999999999964,8.89999999999999,0.03275016,0.05702402,0,1,0.0999999999999659
2025-11-17 01:00:00,44.499999999999964,8.89999999999999,0.000115656294,0.00059886836,0,1,0.0999999999999659
2025-11-17 02:00:00,44.499999999999964,8.89999999999999,0.0017265845,0.0029032454,0,1,0.0999999999999659
2025-11-17 03:00:00,44.499999999999964,8.89999999999999,0.0027565584,0.0045847297,0,1,0.0999999999999659
2025-11-17 04:00:00,44.499999999999964,8.89999999999999,0.002770722,0.0046239123,0,1,0.0999999999999659
2025-11-17 05:00:00,44.499999999999964,8.89999999999999,0.0027823374,0.0046276897,0,1,0.0999999999999659
2025-11-17 06:00:00,44.499999999999964,8.89999999999999,0.0027938485,0.0046276897,0,1,0.0999999999999659
2025-11-17 07:00:00,44.499999999999964,8.89999999999999,0.0028055757,0.004629776,0,1,0.0999999999999659
2025-11-17 08:00:00,44.499999999999964,8.89999999999999,0.0028172955,0.0046299845,0,1,0.0999999999999659
2025-11-17 09:00:00,44.499999999999964,8.89999999999999,0.0028291568,0.0046308413,0,1,0.0999999999999659
2025-11-17 10:00:00,44.499999999999964,8.89999999999999,0.0028411224,0.0046329647,0,1,0.0999999999999659
2025-11-17 11:00:00,44.499999999999964,8.89999999999999,0.0028536618,0.0046504214,0,1,0.0999999999999659
2025-11-17 12:00:00,44.499999999999964,8.89999999999999,0.002866216,0.0046647144,0,1,0.0999999999999659
2025-11-17 13:00:00,44.499999999999964,8.89999999999999,0.0028784648,0.0046684025,0,1,0.0999999999999659
2025-11-17 14:00:00,44.499999999999964,8.89999999999999,0.0028907731,0.004670839,0,1,0.0999999999999659
2025-11-17 15:00:00,44.499999999999964,8.89999999999999,0.0029031336,0.00467291,0,1,0.0999999999999659
2025-11-17 16:00:00,44.499999999999964,8.89999999999999,0.0029155463,0.0046739904,0,1,0.0999999999999659
2025-11-17 17:00:00,44.499999999999964,8.89999999999999,0.0029279739,0.0046739904,0,1,0.0999999999999659
2025-11-17 18:00:00,44.499999999999964,8.89999999999999,0.002940461,0.0046739904,0,1,0.0999999999999659
2025-11-17 19:00:00,44.499999999999964,8.89999999999999,0.0029530227,0.0046739904,0,1,0.0999999999999659
2025-11-17 20:00:00,44.499999999999964,8.89999999999999,0.002965644,0.0046739904,0,1,0.0999999999999659
2025-11-17 21:00:00,44.499999999999964,8.89999999999999,0.0029783547,0.0046739904,0,1,0.0999999999999659
2025-11-17 22:00:00,44.499999999999964,8.89999999999999,0.0029910952,0.0046739904,0,1,0.0999999999999659
2025-11-17 23:00:00,44.499999999999964,8.89999999999999,0.0030039102,0.0046739904,0,1,0.0999999999999659
2025-11-18 00:00:00,44.499999999999964,8.89999999999999,0.0030167997,0.0046739904,0,1,0.0999999999999659
2025-11-18 01:00:00,44.499999999999964,8.89999999999999,1.2930483e-05,0.0,0,1,0.0999999999999659
2025-11-18 02:00:00,44.499999999999964,8.89999999999999,2.592057e-05,0.0,0,1,0.0999999999999659
2025-11-18 03:00:00,44.499999999999964,8.89999999999999,3.8959086e-05,0.0,0,1,0.0999999999999659
2025-11-18 04:00:00,44.499999999999964,8.89999999999999,5.2060932e-05,0.0,0,1,0.0999999999999659
2025-11-18 05:00:00,44.499999999999964,8.89999999999999,6.521121e-05,0.0,0,1,0.0999999999999659
2025-11-18 06:00:00,44.499999999999964,8.89999999999999,7.841736e-05,0.0,0,1,0.0999999999999659
2025-11-18 07:00:00,44.499999999999964,8.89999999999999,9.1679394e-05,0.0,0,1,0.0999999999999659
2025-11-18 08:00:00,44.499999999999964,8.89999999999999,0.00010499358,0.0,0,1,0.0999999999999659
2025-11-18 09:00:00,44.499999999999964,8.89999999999999,0.00011835992,0.0,0,1,0.0999999999999659
2025-11-18 10:00:00,44.499999999999964,8.89999999999999,0.00013176352,0.0,0,1,0.0999999999999659
2025-11-18 11:00:00,44.499999999999964,8.89999999999999,0.00014523417,0.0,0,1,0.0999999999999659
2025-11-18 12:00:00,44.499999999999964,8.89999999999999,0.00015877187,8.523463e-07,0,1,0.0999999999999659
2025-11-18 13:00:00,44.499999999999964,8.89999999999999,0.00017232448,8.523463e-07,0,1,0.0999999999999659
2025-11-18 14:00:00,44.499999999999964,8.89999999999999,0.00018592924,8.523463e-07,0,1,0.0999999999999659
2025-11-18 15:00:00,44.499999999999964,8.89999999999999,0.0001995638,8.523463e-07,0,1,0.0999999999999659
2025-11-18 16:00:00,44.499999999999964,8.89999999999999,0.00021325797,8.523463e-07,0,1,0.0999999999999659
2025-11-18 17:00:00,44.499999999999964,8.89999999999999,0.00022701174,1.2811279e-06,0,1,0.0999999999999659
2025-11-18 18:00:00,44.499999999999964,8.89999999999999,0.00024080276,1.7222019e-06,0,1,0.0999999999999659
2025-11-18 19:00:00,44.499999999999964,8.89999999999999,0.00025463104,1.7222019e-06,0,1,0.0999999999999659
2025-11-18 20:00:00,44.499999999999964,8.89999999999999,0.00026848912,1.7222019e-06,0,1,0.0999999999999659
2025-11-18 21:00:00,44.499999999999964,8.89999999999999,0.0002824068,1.7222019e-06,0,1,0.0999999999999659
2025-11-18 22:00:00,44.499999999999964,8.89999999999999,0.0002963692,1.7222019e-06,0,1,0.0999999999999659
2025-11-18 23:00:00,44.499999999999964,8.89999999999999,0.00031036139,1.7222019e-06,0,1,0.0999999999999659
2025-11-19 00:00:00,44.499999999999964,8.89999999999999,0.00032439828,1.7222019e-06,0,1,0.0999999999999659
2025-11-19 01:00:00,44.499999999999964,8.89999999999999,1.4079735e-05,0.0,0,1,0.0999999999999659
2025-11-19 02:00:00,44.499999999999964,8.89999999999999,2.8200448e-05,0.0,0,1,0.0999999999999659
2025-11-19 03:00:00,44.499999999999964,8.89999999999999,4.2360276e-05,0.0,0,1,0.0999999999999659
2025-11-19 04:00:00,44.499999999999964,8.89999999999999,5.6564808e-05,0.0,0,1,0.0999999999999659
2025-11-19 05:00:00,44.499999999999964,8.89999999999999,7.080287e-05,0.0,0,1,0.0999999999999659
2025-11-19 06:00:00,44.499999999999964,8.89999999999999,8.507818e-05,0.0,0,1,0.0999999999999659
2025-11-19 07:00:00,44.499999999999964,8.89999999999999,9.9405646e-05,0.0,0,1,0.0999999999999659
2025-11-19 08:00:00,44.499999999999964,8.89999999999999,0.000113762915,0.0,0,1,0.0999999999999659
2025-11-19 09:00:00,44.499999999999964,8.89999999999999,0.00012815744,0.0,0,1,0.0999999999999659
2025-11-19 10:00:00,44.499999999999964,8.89999999999999,0.00014258921,0.0,0,1,0.0999999999999659
2025-11-19 11:00:00,44.499999999999964,8.89999999999999,0.00015705824,0.0,0,1,0.0999999999999659
2025-11-19 12:00:00,44.499999999999964,8.89999999999999,0.00017157197,0.0,0,1,0.0999999999999659
2025-11-19 13:00:00,44.499999999999964,8.89999999999999,0.0001861006,0.0,0,1,0.0999999999999659
2025-11-19 14:00:00,44.499999999999964,8.89999999999999,0.00020067394,0.0,0,1,0.0999999999999659
2025-11-19 15:00:00,44.499999999999964,8.89999999999999,0.00021532178,2.2947788e-06,0,1,0.0999999999999659
2025-11-19 16:00:00,44.499999999999964,8.89999999999999,0.00023010373,7.867813e-06,0,1,0.0999999999999659
2025-11-19 17:00:00,44.499999999999964,8.89999999999999,0.0002462864,5.6892633e-05,0,1,0.0999999999999659
2025-11-19 18:00:00,44.499999999999964,8.89999999999999,0.00029793382,0.0008357465,0,1,0.0999999999999659
2025-11-19 19:00:00,44.499999999999964,8.89999999999999,0.00033459067,0.0013186932,0,1,0.0999999999999659
2025-11-19 20:00:00,44.499999999999964,8.89999999999999,0.0003851652,0.0019496679,0,1,0.0999999999999659
2025-11-19 21:00:00,44.499999999999964,8.89999999999999,0.0004402399,0.0026544034,0,1,0.0999999999999659
2025-11-19 22:00:00,44.499999999999964,8.89999999999999,0.0004914105,0.0032509505,0,1,0.0999999999999659
2025-11-19 23:00:00,44.499999999999964,8.89999999999999,0.00051257014,0.0033885478,0,1,0.0999999999999659
2025-11-20 00:00:00,44.499999999999964,8.89999999999999,0.00052919984,0.003435993,0,1,0.0999999999999659
2025-11-20 01:00:00,44.499999999999964,8.89999999999999,1.5622005e-05,1.7460436e-05,0,1,0.0999999999999659
2025-11-20 02:00:00,44.499999999999964,8.89999999999999,3.08156e-05,2.328679e-05,0,1,0.0999999999999659
2025-11-20 03:00:00,44.499999999999964,8.89999999999999,4.592538e-05,2.656877e-05,0,1,0.0999999999999659
2025-11-20 04:00:00,44.499999999999964,8.89999999999999,6.105006e-05,2.9072165e-05,0,1,0.0999999999999659
2025-11-20 05:00:00,44.499999999999964,8.89999999999999,7.622689e-05,3.2424927e-05,0,1,0.0999999999999659
2025-11-20 06:00:00,44.499999999999964,8.89999999999999,9.1560185e-05,4.079193e-05,0,1,0.0999999999999659
2025-11-20 07:00:00,44.499999999999964,8.89999999999999,0.00010678917,4.258752e-05,0,1,0.0999999999999659
2025-11-20 08:00:00,44.499999999999964,8.89999999999999,0.00012200326,4.3444335e-05,0,1,0.0999999999999659
2025-11-20 09:00:00,44.499999999999964,8.89999999999999,0.00013721734,4.3444335e-05,0,1,0.0999999999999659
2025-11-20 10:00:00,44.499999999999964,8.89999999999999,0.00015245378,4.3444335e-05,0,1,0.0999999999999659
2025-11-20 11:00:00,44.499999999999964,8.89999999999999,0.00016772747,4.3444335e-05,0,1,0.0999999999999659
2025-11-20 12:00:00,44.499999999999964,8.89999999999999,0.00018303096,4.3444335e-05,0,1,0.0999999999999659
2025-11-20 13:00:00,44.499999999999964,8.89999999999999,0.00019836426,4.3436885e-05,0,1,0.0999999999999659
2025-11-20 14:00:00,44.499999999999964,8.89999999999999,0.00021372736,4.3436885e-05,0,1,0.0999999999999659
2025-11-20 15:00:00,44.499999999999964,8.89999999999999,0.00022913516,4.430413e-05,0,1,0.0999999999999659
2025-11-20 16:00:00,44.499999999999964,8.89999999999999,0.00024457276,4.430413e-05,0,1,0.0999999999999659
2025-11-20 17:00:00,44.499999999999964,8.89999999999999,0.00026001036,4.430413e-05,0,1,0.0999999999999659
2025-11-20 18:00:00,44.499999999999964,8.89999999999999,0.00027549267,4.430413e-05,0,1,0.0999999999999659
2025-11-20 19:00:00,44.499999999999964,8.89999999999999,0.00029100478,4.430413e-05,0,1,0.0999999999999659
2025-11-20 20:00:00,44.499999999999964,8.89999999999999,0.0003065467,4.430413e-05,0,1,0.0999999999999659
2025-11-20 21:00:00,44.499999999999964,8.89999999999999,0.0003285706,0.00020526648,0,1,0.0999999999999659
2025-11-20 22:00:00,44.499999999999964,8.89999999999999,0.00035107136,0.00040127634,0,1,0.0999999999999659
2025-11-20 23:00:00,44.499999999999964,8.89999999999999,0.0003774017,0.0007000595,0,1,0.0999999999999659
2025-11-21 00:00:00,44.499999999999964,8.89999999999999,0.00039567053,0.0007595797,0,1,0.0999999999999659
2025-11-21 01:00:00,44.499999999999964,8.89999999999999,1.754798e-05,4.922785e-05,0,1,0.0999999999999659
2025-11-21 02:00:00,44.499999999999964,8.89999999999999,3.747642e-05,0.00016492233,0,1,0.0999999999999659
2025-11-21 03:00:00,44.499999999999964,8.89999999999999,5.866587e-05,0.0003086701,0,1,0.0999999999999659
2025-11-21 04:00:00,44.499999999999964,8.89999999999999,7.753819e-05,0.00039830804,0,1,0.0999999999999659
2025-11-21 05:00:00,44.499999999999964,8.89999999999999,9.479374e-05,0.00046359003,0,1,0.0999999999999659
2025-11-21 06:00:00,44.499999999999964,8.89999999999999,0.00011101365,0.00056661665,0,1,0.0999999999999659
2025-11-21 07:00:00,44.499999999999964,8.89999999999999,0.00012819469,0.000605464,0,1,0.0999999999999659
2025-11-21 08:00:00,44.499999999999964,8.89999999999999,0.00014643371,0.00070644915,0,1,0.0999999999999659
2025-11-21 09:00:00,44.499999999999964,8.89999999999999,0.00016707182,0.00088712573,0,1,0.0999999999999659
2025-11-21 10:00:00,44.499999999999964,8.89999999999999,0.00019037724,0.001079157,0,1,0.0999999999999659
2025-11-21 11:00:00,44.499999999999964,8.89999999999999,0.00021623075,0.0013409734,0,1,0.0999999999999659
2025-11-21 12:00:00,44.499999999999964,8.89999999999999,0.00024066865,0.0015978992,0,1,0.0999999999999659
2025-11-21 13:00:00,44.499999999999964,8.89999999999999,0.00026237965,0.0018339038,0,1,0.0999999999999659
2025-11-21 14:00:00,44.499999999999964,8.89999999999999,0.00028198957,0.0019991577,0,1,0.0999999999999659
2025-11-21 15:00:00,44.499999999999964,8.89999999999999,0.00030121207,0.0021638453,0,1,0.0999999999999659
2025-11-21 16:00:00,44.499999999999964,8.89999999999999,0.00031849742,0.0022502423,0,1,0.0999999999999659
2025-11-21 17:00:00,44.499999999999964,8.89999999999999,0.00033545494,0.0023189962,0,1,0.0999999999999659
2025-11-21 18:00:00,44.499999999999964,8.89999999999999,0.00035187602,0.002366233,0,1,0.0999999999999659
2025-11-21 19:00:00,44.499999999999964,8.89999999999999,0.0003696084,0.0024531067,0,1,0.0999999999999659
2025-11-21 20:00:00,44.499999999999964,8.89999999999999,0.00038731098,0.0026325167,0,1,0.0999999999999659
2025-11-21 21:00:00,44.499999999999964,8.89999999999999,0.00040593743,0.0031149269,0,1,0.0999999999999659
2025-11-21 22:00:00,44.499999999999964,8.89999999999999,0.00042384863,0.003313768,0,1,0.0999999999999659
2025-11-21 23:00:00,44.499999999999964,8.89999999999999,0.00044122338,0.003426242,0,1,0.0999999999999659
2025-11-22 00:00:00,44.499999999999964,8.89999999999999,0.0004582703,0.0035088838,0,1,0.0999999999999659
2025-11-22 01:00:00,44.499999999999964,8.89999999999999,1.6743317e-05,3.4457073e-05,0,1,0.0999999999999659
2025-11-22 02:00:00,44.499999999999964,8.89999999999999,3.3274293e-05,3.9726496e-05,0,1,0.0999999999999659
2025-11-22 03:00:00,44.499999999999964,8.89999999999999,4.972145e-05,4.001707e-05,0,1,0.0999999999999659
2025-11-22 04:00:00,44.499999999999964,8.89999999999999,6.6146255e-05,4.001707e-05,0,1,0.0999999999999659
2025-11-22 05:00:00,44.499999999999964,8.89999999999999,8.259714e-05,4.001707e-05,0,1,0.0999999999999659
2025-11-22 06:00:00,44.499999999999964,8.89999999999999,9.907037e-05,4.001707e-05,0,1,0.0999999999999659
2025-11-22 07:00:00,44.499999999999964,8.89999999999999,0.00011561811,4.416704e-05,0,1,0.0999999999999659
2025-11-22 08:00:00,44.499999999999964,8.89999999999999,0.0001322478,4.69327e-05,0,1,0.0999999999999659
2025-11-22 09:00:00,44.499999999999964,8.89999999999999,0.00014974922,4.7039986e-05,0,1,0.0999999999999659
2025-11-22 10:00:00,44.499999999999964,8.89999999999999,0.00016849488,4.7039986e-05,0,1,0.0999999999999659
2025-11-22 11:00:00,44.499999999999964,8.89999999999999,0.00018726289,4.7039986e-05,0,1,0.0999999999999659
2025-11-22 12:00:00,44.499999999999964,8.89999999999999,0.00020645559,4.7039986e-05,0,1,0.0999999999999659
2025-11-22 13:00:00,44.499999999999964,8.89999999999999,0.00022518635,4.7039986e-05,0,1,0.0999999999999659
2025-11-22 14:00:00,44.499999999999964,8.89999999999999,0.00024281442,4.7039986e-05,0,1,0.0999999999999659
2025-11-22 15:00:00,44.499999999999964,8.89999999999999,0.00025962293,4.7054888e-05,0,1,0.0999999999999659
2025-11-22 16:00:00,44.499999999999964,8.89999999999999,0.00027634203,4.7039986e-05,0,1,0.0999999999999659
2025-11-22 17:00:00,44.499999999999964,8.89999999999999,0.00029307604,4.7039986e-05,0,1,0.0999999999999659
2025-11-22 18:00:00,44.499999999999964,8.89999999999999,0.00030983984,4.7039986e-05,0,1,0.0999999999999659
2025-11-22 19:00:00,44.499999999999964,8.89999999999999,0.00032661855,4.7039986e-05,0,1,0.0999999999999659
2025-11-22 20:00:00,44.499999999999964,8.89999999999999,0.00034342706,4.7039986e-05,0,1,0.0999999999999659
2025-11-22 21:00:00,44.499999999999964,8.89999999999999,0.00036025047,4.7039986e-05,0,1,0.0999999999999659
2025-11-22 22:00:00,44.499999999999964,8.89999999999999,0.0003771186,4.7039986e-05,0,1,0.0999999999999659
2025-11-22 23:00:00,44.499999999999964,8.89999999999999,0.0003940016,4.7039986e-05,0,1,0.0999999999999659
2025-11-23 00:00:00,44.499999999999964,8.89999999999999,0.00041091442,4.7039986e-05,0,1,0.0999999999999659
2025-11-23 01:00:00,44.499999999999964,8.89999999999999,1.6925856e-05,0.0,0,1,0.0999999999999659
2025-11-23 02:00:00,44.499999999999964,8.89999999999999,3.387779e-05,0.0,0,1,0.0999999999999659
2025-11-23 03:00:00,44.499999999999964,8.89999999999999,5.0850213e-05,0.0,0,1,0.0999999999999659
2025-11-23 04:00:00,44.499999999999964,8.89999999999999,6.785244e-05,3.6507845e-07,0,1,0.0999999999999659
2025-11-23 05:00:00,44.499999999999964,8.89999999999999,8.491427e-05,1.989305e-06,0,1,0.0999999999999659
2025-11-23 06:00:00,44.499999999999964,8.89999999999999,0.00010236353,1.8000603e-05,0,1,0.0999999999999659
2025-11-23 07:00:00,44.499999999999964,8.89999999999999,0.00011942536,1.8000603e-05,0,1,0.0999999999999659
2025-11-23 08:00:00,44.499999999999964,8.89999999999999,0.00013652444,1.873821e-05,0,1,0.0999999999999659
2025-11-23 09:00:00,44.499999999999964,8.89999999999999,0.0001565367,2.0191073e-05,0,1,0.0999999999999659
2025-11-23 10:00:00,44.499999999999964,8.89999999999999,0.00017811358,2.0198524e-05,0,1,0.0999999999999659
2025-11-23 11:00:00,44.499999999999964,8.89999999999999,0.00019864738,2.6792288e-05,0,1,0.0999999999999659
2025-11-23 12:00:00,44.499999999999964,8.89999999999999,0.0002194345,7.635355e-05,0,1,0.0999999999999659
2025-11-23 13:00:00,44.499999999999964,8.89999999999999,0.000245139,0.00024871528,0,1,0.0999999999999659
2025-11-23 14:00:00,44.499999999999964,8.89999999999999,0.00026895106,0.00039052963,0,1,0.0999999999999659
2025-11-23 15:00:00,44.499999999999964,8.89999999999999,0.00029097497,0.0004876554,0,1,0.0999999999999659
2025-11-23 16:00:00,44.499999999999964,8.89999999999999,0.00031234324,0.0005956143,0,1,0.0999999999999659
2025-11-23 17:00:00,44.499999999999964,8.89999999999999,0.00033301115,0.0006913841,0,1,0.0999999999999659
2025-11-23 18:00:00,44.499999999999964,8.89999999999999,0.00035348535,0.00078211725,0,1,0.0999999999999659
2025-11-23 19:00:00,44.499999999999964,8.89999999999999,0.00037437677,0.0008841604,0,1,0.0999999999999659
2025-11-23 20:00:00,44.499999999999964,8.89999999999999,0.0003939569,0.0009185225,0,1,0.0999999999999659
2025-11-23 21:00:00,44.499999999999964,8.89999999999999,0.00041225553,0.00093503296,0,1,0.0999999999999659
2025-11-23 22:00:00,44.499999999999964,8.89999999999999,0.0004300624,0.00094379485,0,1,0.0999999999999659
2025-11-23 23:00:00,44.499999999999964,8.89999999999999,0.0004480332,0.0009546727,0,1,0.0999999999999659
2025-11-24 00:00:00,44.499999999999964,8.89999999999999,0.00046628714,0.00096428394,0,1,0.0999999999999659
2025-11-24 01:00:00,44.499999999999964,8.89999999999999,1.8605962e-05,2.4436042e-05,0,1,0.0999999999999659
2025-11-24 02:00:00,44.499999999999964,8.89999999999999,3.8526952e-05,8.6251646e-05,0,1,0.0999999999999659
2025-11-24 03:00:00,44.499999999999964,8.89999999999999,5.8662146e-05,0.00014941767,0,1,0.0999999999999659
2025-11-24 04:00:00,44.499999999999964,8.89999999999999,7.883832e-05,0.00023010373,0,1,0.0999999999999659
2025-11-24 05:00:00,44.499999999999964,8.89999999999999,0.000101059675,0.0003393367,0,1,0.0999999999999659
2025-11-24 06:00:00,44.499999999999964,8.89999999999999,0.00012245029,0.0004338175,0,1,0.0999999999999659
2025-11-24 07:00:00,44.499999999999964,8.89999999999999,0.00014193356,0.0004944429,0,1,0.0999999999999659
2025-11-24 08:00:00,44.499999999999964,8.89999999999999,0.00016260892,0.000578098,0,1,0.0999999999999659
2025-11-24 09:00:00,44.499999999999964,8.89999999999999,0.00018522888,0.00070500374,0,1,0.0999999999999659
2025-11-24 10:00:00,44.499999999999964,8.89999999999999,0.00020735711,0.00080764294,0,1,0.0999999999999659
2025-11-24 11:00:00,44.499999999999964,8.89999999999999,0.00023034215,0.00093095005,0,1,0.0999999999999659
2025-11-24 12:00:00,44.499999999999964,8.89999999999999,0.00025258958,0.0010323226,0,1,0.0999999999999659
2025-11-24 13:00:00,44.499999999999964,8.89999999999999,0.00027436018,0.0011155605,0,1,0.0999999999999659
2025-11-24 14:00:00,44.499999999999964,8.89999999999999,0.00029550493,0.0011803061,0,1,0.0999999999999659
2025-11-24 15:00:00,44.499999999999964,8.89999999999999,0.0003156811,0.0012232512,0,1,0.0999999999999659
2025-11-24 16:00:00,44.499999999999964,8.89999999999999,0.00033557415,0.0012602955,0,1,0.0999999999999659
2025-11-24 17:00:00,44.499999999999964,8.89999999999999,0.0003554076,0.0012998283,0,1,0.0999999999999659
2025-11-24 18:00:00,44.499999999999964,8.89999999999999,0.0003772229,0.0014032274,0,1,0.0999999999999659
2025-11-24 19:00:00,44.499999999999964,8.89999999999999,0.00039732456,0.0014496744,0,1,0.0999999999999659
2025-11-24 20:00:00,44.499999999999964,8.89999999999999,0.00042420626,0.0016879141,0,1,0.0999999999999659
2025-11-24 21:00:00,44.499999999999964,8.89999999999999,0.00046151876,0.002086699,0,1,0.0999999999999659
2025-11-24 22:00:00,44.499999999999964,8.89999999999999,0.0004888475,0.0022814572,0,1,0.0999999999999659
2025-11-24 23:00:00,44.499999999999964,8.89999999999999,0.0005096495,0.0023608506,0,1,0.0999999999999659
2025-11-25 00:00:00,44.499999999999964,8.89999999999999,0.0005286634,0.0023884475,0,1,0.0999999999999659
2025-11-25 01:00:00,44.499999999999964,8.89999999999999,1.9067898e-05,2.5581568e-05,0,1,0.0999999999999659
2025-11-25 02:00:00,44.499999999999964,8.89999999999999,3.845617e-05,6.5434724e-05,0,1,0.0999999999999659
2025-11-25 03:00:00,44.499999999999964,8.89999999999999,5.8174133e-05,0.00012299418,0,1,0.0999999999999659
2025-11-25 04:00:00,44.499999999999964,8.89999999999999,7.741898e-05,0.00015808642,0,1,0.0999999999999659
2025-11-25 05:00:00,44.499999999999964,8.89999999999999,9.614229e-05,0.00016966462,0,1,0.0999999999999659
2025-11-25 06:00:00,44.499999999999964,8.89999999999999,0.00011459738,0.00017075986,0,1,0.0999999999999659
2025-11-25 07:00:00,44.499999999999964,8.89999999999999,0.00013273954,0.00017075986,0,1,0.0999999999999659
2025-11-25 08:00:00,44.499999999999964,8.89999999999999,0.00015129149,0.0001707524,0,1,0.0999999999999659
2025-11-25 09:00:00,44.499999999999964,8.89999999999999,0.0001707226,0.0001707524,0,1,0.0999999999999659
2025-11-25 10:00:00,44.499999999999964,8.89999999999999,0.00019097328,0.0001707524,0,1,0.0999999999999659
2025-11-25 11:00:00,44.499999999999964,8.89999999999999,0.00021132827,0.0001707524,0,1,0.0999999999999659
2025-11-25 12:00:00,44.499999999999964,8.89999999999999,0.00023147464,0.0001707524,0,1,0.0999999999999659
2025-11-25 13:00:00,44.499999999999964,8.89999999999999,0.00025123358,0.0001707524,0,1,0.0999999999999659
2025-11-25 14:00:00,44.499999999999964,8.89999999999999,0.00027051568,0.0001707524,0,1,0.0999999999999659
2025-11-25 15:00:00,44.499999999999964,8.89999999999999,0.00028920174,0.0001707524,0,1,0.0999999999999659
2025-11-25 16:00:00,44.499999999999964,8.89999999999999,0.00030744076,0.00017119347,0,1,0.0999999999999659
2025-11-25 17:00:00,44.499999999999964,8.89999999999999,0.00032570958,0.00017117857,0,1,0.0999999999999659
2025-11-25 18:00:00,44.499999999999964,8.89999999999999,0.0003439486,0.00017117857,0,1,0.0999999999999659
2025-11-25 19:00:00,44.499999999999964,8.89999999999999,0.00036221743,0.00017117857,0,1,0.0999999999999659
2025-11-25 20:00:00,44.499999999999964,8.89999999999999,0.00038051605,0.00017117857,0,1,0.0999999999999659
2025-11-25 21:00:00,44.499999999999964,8.89999999999999,0.00039881468,0.00017117857,0,1,0.0999999999999659
2025-11-25 22:00:00,44.499999999999964,8.89999999999999,0.0004171729,0.00017117857,0,1,0.0999999999999659
2025-11-25 23:00:00,44.499999999999964,8.89999999999999,0.00043550134,0.00017117857,0,1,0.0999999999999659
2025-11-26 00:00:00,44.499999999999964,8.89999999999999,0.00045385957,0.00017117857,0,1,0.0999999999999659
2025-11-26 01:00:00,44.499999999999964,8.89999999999999,1.8380582e-05,0.0,0,1,0.0999999999999659
2025-11-26 02:00:00,44.499999999999964,8.89999999999999,3.677979e-05,0.0,0,1,0.0999999999999659
2025-11-26 03:00:00,44.499999999999964,8.89999999999999,5.5208802e-05,0.0,0,1,0.0999999999999659
2025-11-26 04:00:00,44.499999999999964,8.89999999999999,7.364154e-05,0.0,0,1,0.0999999999999659
2025-11-26 05:00:00,44.499999999999964,8.89999999999999,9.210408e-05,0.0,0,1,0.0999999999999659
2025-11-26 06:00:00,44.499999999999964,8.89999999999999,0.00011058152,0.0,0,1,0.0999999999999659
2025-11-26 07:00:00,44.499999999999964,8.89999999999999,0.00012907386,0.0,0,1,0.0999999999999659
2025-11-26 08:00:00,44.499999999999964,8.89999999999999,0.0001476258,1.1026859e-06,0,1,0.0999999999999659
2025-11-26 09:00:00,44.499999999999964,8.89999999999999,0.00016671419,1.3411045e-06,0,1,0.0999999999999659
2025-11-26 10:00:00,44.499999999999964,8.89999999999999,0.00018675625,8.702278e-06,0,1,0.0999999999999659
2025-11-26 11:00:00,44.499999999999964,8.89999999999999,0.00020641088,1.5079975e-05,0,1,0.0999999999999659
2025-11-26 12:00:00,44.499999999999964,8.89999999999999,0.00022606552,3.0770898e-05,0,1,0.0999999999999659
2025-11-26 13:00:00,44.499999999999964,8.89999999999999,0.00024546683,3.2395124e-05,0,1,0.0999999999999659
2025-11-26 14:00:00,44.499999999999964,8.89999999999999,0.00026473403,3.84897e-05,0,1,0.0999999999999659
2025-11-26 15:00:00,44.499999999999964,8.89999999999999,0.000283584,3.85046e-05,0,1,0.0999999999999659
2025-11-26 16:00:00,44.499999999999964,8.89999999999999,0.00030224025,3.85046e-05,0,1,0.0999999999999659
2025-11-26 17:00:00,44.499999999999964,8.89999999999999,0.0003209114,3.85046e-05,0,1,0.0999999999999659
2025-11-26 18:00:00,44.499999999999964,8.89999999999999,0.00033959746,3.85046e-05,0,1,0.0999999999999659
2025-11-26 19:00:00,44.499999999999964,8.89999999999999,0.00035828352,3.85046e-05,0,1,0.0999999999999659
2025-11-26 20:00:00,44.499999999999964,8.89999999999999,0.00037702918,3.85046e-05,0,1,0.0999999999999659
2025-11-26 21:00:00,44.499999999999964,8.89999999999999,0.00039574504,3.85046e-05,0,1,0.0999999999999659
2025-11-26 22:00:00,44.499999999999964,8.89999999999999,0.0004144907,3.85046e-05,0,1,0.0999999999999659
2025-11-26 23:00:00,44.499999999999964,8.89999999999999,0.00043326616,3.85046e-05,0,1,0.0999999999999659
2025-11-27 00:00:00,44.499999999999964,8.89999999999999,0.00045207143,3.85046e-05,0,1,0.0999999999999659
2025-11-27 01:00:00,44.499999999999964,8.89999999999999,1.8795952e-05,0.0,0,1,0.0999999999999659
2025-11-27 02:00:00,44.499999999999964,8.89999999999999,3.7606806e-05,0.0,0,1,0.0999999999999659
2025-11-27 03:00:00,44.499999999999964,8.89999999999999,5.6434423e-05,0.0,0,1,0.0999999999999659
2025-11-27 04:00:00,44.499999999999964,8.89999999999999,7.5273216e-05,0.0,0,1,0.0999999999999659
2025-11-27 05:00:00,44.499999999999964,8.89999999999999,9.4130635e-05,0.0,0,1,0.0999999999999659
2025-11-27 06:00:00,44.499999999999964,8.89999999999999,0.000112995505,0.0,0,1,0.0999999999999659
2025-11-27 07:00:00,44.499999999999964,8.89999999999999,0.00013189018,0.0,0,1,0.0999999999999659
2025-11-27 08:00:00,44.499999999999964,8.89999999999999,0.00015079975,0.0,0,1,0.0999999999999659
2025-11-27 09:00:00,44.499999999999964,8.89999999999999,0.00017023087,0.0,0,1,0.0999999999999659
2025-11-27 10:00:00,44.499999999999964,8.89999999999999,0.0001899451,0.0,0,1,0.0999999999999659
2025-11-27 11:00:00,44.499999999999964,8.89999999999999,0.00020973384,0.0,0,1,0.0999999999999659
2025-11-27 12:00:00,44.499999999999964,8.89999999999999,0.00022955239,4.351138e-07,0,1,0.0999999999999659
2025-11-27 13:00:00,44.499999999999964,8.89999999999999,0.00024926662,4.351138e-07,0,1,0.0999999999999659
2025-11-27 14:00:00,44.499999999999964,8.89999999999999,0.00026874244,4.351138e-07,0,1,0.0999999999999659
2025-11-27 15:00:00,44.499999999999964,8.89999999999999,0.00028789043,4.351138e-07,0,1,0.0999999999999659
2025-11-27 16:00:00,44.499999999999964,8.89999999999999,0.00030690432,4.351138e-07,0,1,0.0999999999999659
2025-11-27 17:00:00,44.499999999999964,8.89999999999999,0.0003259331,4.351138e-07,0,1,0.0999999999999659
2025-11-27 18:00:00,44.499999999999964,8.89999999999999,0.00034497678,4.351138e-07,0,1,0.0999999999999659
2025-11-27 19:00:00,44.499999999999964,8.89999999999999,0.00036403537,4.351138e-07,0,1,0.0999999999999659
2025-11-27 20:00:00,44.499999999999964,8.89999999999999,0.00038315356,1.2874598e-06,0,1,0.0999999999999659
2025-11-27 21:00:00,44.499999999999964,8.89999999999999,0.00040222704,1.2936753e-06,0,1,0.0999999999999659
2025-11-27 22:00:00,44.499999999999964,8.89999999999999,0.00042134523,1.2828013e-06,0,1,0.0999999999999659
2025-11-27 23:00:00,44.499999999999964,8.89999999999999,0.00044046342,1.2848941e-06,0,1,0.0999999999999659
2025-11-28 00:00:00,44.499999999999964,8.89999999999999,0.0004595816,1.2976388e-06,0,1,0.0999999999999659
2025-11-28 01:00:00,44.499999999999964,8.89999999999999,1.9144267e-05,0.0,0,1,0.0999999999999659
2025-11-28 02:00:00,44.499999999999964,8.89999999999999,3.8303435e-05,0.0,0,1,0.0999999999999659
2025-11-28 03:00:00,44.499999999999964,8.89999999999999,5.747378e-05,0.0,0,1,0.0999999999999659
2025-11-28 04:00:00,44.499999999999964,8.89999999999999,7.6666474e-05,0.0,0,1,0.0999999999999659
2025-11-28 05:00:00,44.499999999999964,8.89999999999999,9.587407e-05,0.0,0,1,0.0999999999999659
2025-11-28 06:00:00,44.499999999999964,8.89999999999999,0.00011508167,0.0,0,1,0.0999999999999659
2025-11-28 07:00:00,44.499999999999964,8.89999999999999,0.00013433397,4.2617322e-07,0,1,0.0999999999999659
2025-11-28 08:00:00,44.499999999999964,8.89999999999999,0.00015360117,4.2617322e-07,0,1,0.0999999999999659
2025-11-28 09:00:00,44.499999999999964,8.89999999999999,0.0001732856,4.2617322e-07,0,1,0.0999999999999659
2025-11-28 10:00:00,44.499999999999964,8.89999999999999,0.00019344687,4.2617322e-07,0,1,0.0999999999999659
2025-11-28 11:00:00,44.499999999999964,8.89999999999999,0.00021350384,4.2617322e-07,0,1,0.0999999999999659
2025-11-28 12:00:00,44.499999999999964,8.89999999999999,0.0002335459,4.2617322e-07,0,1,0.0999999999999659
2025-11-28 13:00:00,44.499999999999964,8.89999999999999,0.00025348365,4.2617322e-07,0,1,0.0999999999999659
2025-11-28 14:00:00,44.499999999999964,8.89999999999999,0.0002732575,4.2617322e-07,0,1,0.0999999999999659
2025-11-28 15:00:00,44.499999999999964,8.89999999999999,0.00029277802,4.4107438e-07,0,1,0.0999999999999659
2025-11-28 16:00:00,44.499999999999964,8.89999999999999,0.00031211972,4.4107438e-07,0,1,0.0999999999999659
2025-11-28 17:00:00,44.499999999999964,8.89999999999999,0.00033149123,4.4107438e-07,0,1,0.0999999999999659
2025-11-28 18:00:00,44.499999999999964,8.89999999999999,0.00035089254,4.4107438e-07,0,1,0.0999999999999659
2025-11-28 19:00:00,44.499999999999964,8.89999999999999,0.00037026405,4.4107438e-07,0,1,0.0999999999999659
2025-11-28 20:00:00,44.499999999999964,8.89999999999999,0.00038966537,4.4107438e-07,0,1,0.0999999999999659
2025-11-28 21:00:00,44.499999999999964,8.89999999999999,0.00040906668,4.4107435e-07,0,1,0.0999999999999659
2025-11-28 22:00:00,44.499999999999964,8.89999999999999,0.0004284978,4.4107435e-07,0,1,0.0999999999999659
2025-11-28 23:00:00,44.499999999999964,8.89999999999999,0.0004479289,4.4107435e-07,0,1,0.0999999999999659
2025-11-29 00:00:00,44.499999999999964,8.89999999999999,0.00046738982,4.4107435e-07,0,1,0.0999999999999659
2025-11-29 01:00:00,44.499999999999964,8.89999999999999,1.9464642e-05,0.0,0,1,0.0999999999999659
2025-11-29 02:00:00,44.499999999999964,8.89999999999999,3.894046e-05,0.0,0,1,0.0999999999999659
2025-11-29 03:00:00,44.499999999999964,8.89999999999999,5.8434904e-05,0.0,0,1,0.0999999999999659
2025-11-29 04:00:00,44.499999999999964,8.89999999999999,7.793307e-05,0.0,0,1,0.0999999999999659
2025-11-29 05:00:00,44.499999999999964,8.89999999999999,9.7453594e-05,0.0,0,1,0.0999999999999659
2025-11-29 06:00:00,44.499999999999964,8.89999999999999,0.000116981566,0.0,0,1,0.0999999999999659
2025-11-29 07:00:00,44.499999999999964,8.89999999999999,0.00013652444,0.0,0,1,0.0999999999999659
2025-11-29 08:00:00,44.499999999999964,8.89999999999999,0.00015608221,0.0,0,1,0.0999999999999659
2025-11-29 09:00:00,44.499999999999964,8.89999999999999,0.00017608702,0.0,0,1,0.0999999999999659
2025-11-29 10:00:00,44.499999999999964,8.89999999999999,0.00019649416,0.0,0,1,0.0999999999999659
2025-11-29 11:00:00,44.499999999999964,8.89999999999999,0.00021676719,0.0,0,1,0.0999999999999659
2025-11-29 12:00:00,44.499999999999964,8.89999999999999,0.00023695827,0.0,0,1,0.0999999999999659
2025-11-29 13:00:00,44.499999999999964,8.89999999999999,0.00025700033,0.0,0,1,0.0999999999999659
2025-11-29 14:00:00,44.499999999999964,8.89999999999999,0.00027690828,0.0,0,1,0.0999999999999659
2025-11-29 15:00:00,44.499999999999964,8.89999999999999,0.00029663742,0.0,0,1,0.0999999999999659
2025-11-29 16:00:00,44.499999999999964,8.89999999999999,0.00031627715,0.0,0,1,0.0999999999999659
2025-11-29 17:00:00,44.499999999999964,8.89999999999999,0.00033594668,4.351138e-07,0,1,0.0999999999999659
2025-11-29 18:00:00,44.499999999999964,8.89999999999999,0.0003556311,8.5532656e-07,0,1,0.0999999999999659
2025-11-29 19:00:00,44.499999999999964,8.89999999999999,0.00037530065,8.553266e-07,0,1,0.0999999999999659
2025-11-29 20:00:00,44.499999999999964,8.89999999999999,0.00039499998,8.5892134e-07,0,1,0.0999999999999659
2025-11-29 21:00:00,44.499999999999964,8.89999999999999,0.00041471422,8.5892134e-07,0,1,0.0999999999999659
2025-11-29 22:00:00,44.499999999999964,8.89999999999999,0.00043442845,8.5892134e-07,0,1,0.0999999999999659
2025-11-29 23:00:00,44.499999999999964,8.89999999999999,0.0004541427,8.581437e-07,0,1,0.0999999999999659
2025-11-30 00:00:00,44.499999999999964,8.89999999999999,0.00047388673,8.581437e-07,0,1,0.0999999999999659
2025-11-30 01:00:00,44.499999999999964,8.89999999999999,1.9753352e-05,0.0,0,1,0.0999999999999659
2025-11-30 02:00:00,44.499999999999964,8.89999999999999,3.951788e-05,0.0,0,1,0.0999999999999659
2025-11-30 03:00:00,44.499999999999964,8.89999999999999,5.929917e-05,4.172325e-07,0,1,0.0999999999999659
2025-11-30 04:00:00,44.499999999999964,8.89999999999999,7.9102814e-05,9.4622374e-07,0,1,0.0999999999999659
2025-11-30 05:00:00,44.499999999999964,8.89999999999999,9.892881e-05,2.4437904e-06,0,1,0.0999999999999659
2025-11-30 06:00:00,44.499999999999964,8.89999999999999,0.00011895597,5.3346157e-06,0,1,0.0999999999999659
2025-11-30 07:00:00,44.499999999999964,8.89999999999999,0.00013910234,1.6331673e-05,0,1,0.0999999999999659
2025-11-30 08:00:00,44.499999999999964,8.89999999999999,0.00015957654,3.324449e-05,0,1,0.0999999999999659
2025-11-30 09:00:00,44.499999999999964,8.89999999999999,0.00018045306,5.5283308e-05,0,1,0.0999999999999659
2025-11-30 10:00:00,44.499999999999964,8.89999999999999,0.00020213425,0.000106826425,0,1,0.0999999999999659
2025-11-30 11:00:00,44.499999999999964,8.89999999999999,0.00022752583,0.00028380752,0,1,0.0999999999999659
2025-11-30 12:00:00,44.499999999999964,8.89999999999999,0.00025187433,0.00043225288,0,1,0.0999999999999659
2025-11-30 13:00:00,44.499999999999964,8.89999999999999,0.0002770871,0.0005930811,0,1,0.0999999999999659
2025-11-30 14:00:00,44.499999999999964,8.89999999999999,0.00030501187,0.0008047968,0,1,0.0999999999999659
2025-11-30 15:00:00,44.499999999999964,8.89999999999999,0.00033819675,0.001090169,0,1,0.0999999999999659
2025-11-30 16:00:00,44.499999999999964,8.89999999999999,0.00038151443,0.0015458167,0,1,0.0999999999999659
2025-11-30 17:00:00,44.499999999999964,8.89999999999999,0.00043059886,0.0021063387,0,1,0.0999999999999659
2025-11-30 18:00:00,44.499999999999964,8.89999999999999,0.00048841536,0.0027005672,0,1,0.0999999999999659
2025-11-30 19:00:00,44.499999999999964,8.89999999999999,0.0005181134,0.0028900504,0,1,0.0999999999999659
2025-11-30 20:00:00,44.499999999999964,8.89999999999999,0.00056667626,0.003418669,0,1,0.0999999999999659
2025-11-30 21:00:00,44.499999999999964,8.89999999999999,0.00064995885,0.0044516623,0,1,0.0999999999999659
2025-11-30 22:00:00,44.499999999999964,8.89999999999999,0.0009685159,0.006032482,0,1,0.0999999999999659
2025-11-30 23:00:00,44.499999999999964,8.89999999999999,0.0010900795,0.0076230466,0,1,0.0999999999999659
